-- MySQL dump 10.13  Distrib 5.1.67, for apple-darwin10.3.0 (i386)
--
-- Host: us-cdbr-east-03.cleardb.com    Database: heroku_f5dd7d2da83aa8b
-- ------------------------------------------------------
-- Server version	5.5.28-log

/*!40101 SET @OLD_CHARACTER_SET_CLIENT=@@CHARACTER_SET_CLIENT */;
/*!40101 SET @OLD_CHARACTER_SET_RESULTS=@@CHARACTER_SET_RESULTS */;
/*!40101 SET @OLD_COLLATION_CONNECTION=@@COLLATION_CONNECTION */;
/*!40101 SET NAMES utf8 */;
/*!40103 SET @OLD_TIME_ZONE=@@TIME_ZONE */;
/*!40103 SET TIME_ZONE='+00:00' */;
/*!40014 SET @OLD_UNIQUE_CHECKS=@@UNIQUE_CHECKS, UNIQUE_CHECKS=0 */;
/*!40014 SET @OLD_FOREIGN_KEY_CHECKS=@@FOREIGN_KEY_CHECKS, FOREIGN_KEY_CHECKS=0 */;
/*!40101 SET @OLD_SQL_MODE=@@SQL_MODE, SQL_MODE='NO_AUTO_VALUE_ON_ZERO' */;
/*!40111 SET @OLD_SQL_NOTES=@@SQL_NOTES, SQL_NOTES=0 */;

--
-- Table structure for table `kid_scholarship_link`
--

DROP TABLE IF EXISTS `kid_scholarship_link`;
/*!40101 SET @saved_cs_client     = @@character_set_client */;
/*!40101 SET character_set_client = utf8 */;
CREATE TABLE `kid_scholarship_link` (
  `id` int(11) NOT NULL AUTO_INCREMENT,
  `scholarship_type_id` int(11) NOT NULL,
  `scholarship_kid_id` int(11) NOT NULL,
  `scholarship_status` varchar(10) DEFAULT 'available',
  `scholarship_sponsor_name` varchar(200) DEFAULT NULL,
  PRIMARY KEY (`id`),
  KEY `scholarship_type_id` (`scholarship_type_id`),
  KEY `scholarship_kid_id` (`scholarship_kid_id`),
  CONSTRAINT `kid_scholarship_link_ibfk_1` FOREIGN KEY (`scholarship_type_id`) REFERENCES `scholarship_types` (`id`),
  CONSTRAINT `kid_scholarship_link_ibfk_2` FOREIGN KEY (`scholarship_kid_id`) REFERENCES `scholarship_kids` (`id`)
) ENGINE=InnoDB AUTO_INCREMENT=831 DEFAULT CHARSET=utf8;
/*!40101 SET character_set_client = @saved_cs_client */;

--
-- Dumping data for table `kid_scholarship_link`
--

LOCK TABLES `kid_scholarship_link` WRITE;
/*!40000 ALTER TABLE `kid_scholarship_link` DISABLE KEYS */;
INSERT INTO `kid_scholarship_link` VALUES (1,11,1,'available',NULL),(11,1,1,'available',NULL),(21,11,11,'available',NULL),(31,1,11,'available',NULL),(41,11,21,'available',NULL),(51,1,21,'available',NULL),(71,1,31,'sponsored','Unknown'),(81,11,41,'available',NULL),(91,1,41,'available',NULL),(101,11,71,'available',NULL),(111,1,71,'available',NULL),(121,11,81,'available',NULL),(131,1,81,'available',NULL),(141,11,91,'available',NULL),(151,1,91,'available',NULL),(161,11,101,'sponsored','Unknown'),(181,11,111,'available',NULL),(191,1,111,'available',NULL),(201,11,141,'available',NULL),(211,1,141,'available',NULL),(221,11,181,'available',NULL),(231,1,181,'available',NULL),(241,11,191,'available',NULL),(251,1,191,'available',NULL),(261,11,201,'available',NULL),(271,1,201,'available',NULL),(281,11,211,'available',NULL),(291,1,211,'available',NULL),(301,11,221,'available',NULL),(311,1,221,'available',NULL),(321,11,261,'available',NULL),(331,1,261,'available',NULL),(341,11,271,'available',NULL),(351,1,271,'available',NULL),(361,11,321,'sponsored','Unknown'),(381,11,331,'available',NULL),(391,1,331,'available',NULL),(401,11,341,'available',NULL),(411,1,341,'available',NULL),(421,11,351,'available',NULL),(431,1,351,'available',NULL),(441,11,361,'available',NULL),(451,1,361,'available',NULL),(471,1,381,'sponsored','Unknown'),(481,11,391,'sponsored','Unknown'),(501,11,421,'available',NULL),(511,1,421,'available',NULL),(521,11,461,'available',NULL),(531,1,461,'available',NULL),(541,11,471,'available',NULL),(551,1,471,'available',NULL),(561,11,481,'available',NULL),(571,1,481,'available',NULL),(591,1,491,'sponsored','Unknown'),(601,11,501,'available',NULL),(611,1,501,'available',NULL),(621,11,511,'available',NULL),(631,1,511,'available',NULL),(641,11,521,'available',NULL),(651,1,521,'available',NULL),(661,11,531,'sponsored','Unknown'),(681,11,541,'available',NULL),(691,1,541,'available',NULL),(701,11,561,'available',NULL),(711,1,561,'available',NULL),(721,11,581,'sponsored','Unknown'),(741,11,651,'available',NULL),(751,1,651,'available',NULL),(761,11,671,'available',NULL),(771,1,671,'available',NULL),(781,11,681,'available',NULL),(791,1,681,'available',NULL),(801,1,491,'available',NULL),(811,1,381,'available',NULL),(821,1,31,'available',NULL);
/*!40000 ALTER TABLE `kid_scholarship_link` ENABLE KEYS */;
UNLOCK TABLES;

--
-- Table structure for table `scholarship_community`
--

DROP TABLE IF EXISTS `scholarship_community`;
/*!40101 SET @saved_cs_client     = @@character_set_client */;
/*!40101 SET character_set_client = utf8 */;
CREATE TABLE `scholarship_community` (
  `id` int(11) NOT NULL AUTO_INCREMENT,
  `community_name` varchar(200) NOT NULL,
  `community_latitude` double DEFAULT NULL,
  `community_longitude` double DEFAULT NULL,
  PRIMARY KEY (`id`)
) ENGINE=InnoDB AUTO_INCREMENT=31 DEFAULT CHARSET=utf8;
/*!40101 SET character_set_client = @saved_cs_client */;

--
-- Dumping data for table `scholarship_community`
--

LOCK TABLES `scholarship_community` WRITE;
/*!40000 ALTER TABLE `scholarship_community` DISABLE KEYS */;
INSERT INTO `scholarship_community` VALUES (1,'Santiago Sacatepéquez',14.638607,-90.679693),(11,'Patzicía',14.6317,90.9269),(21,'Patzún',14.685232,-91.012888);
/*!40000 ALTER TABLE `scholarship_community` ENABLE KEYS */;
UNLOCK TABLES;

--
-- Table structure for table `scholarship_kids`
--

DROP TABLE IF EXISTS `scholarship_kids`;
/*!40101 SET @saved_cs_client     = @@character_set_client */;
/*!40101 SET character_set_client = utf8 */;
CREATE TABLE `scholarship_kids` (
  `id` int(11) NOT NULL AUTO_INCREMENT,
  `first_name` varchar(200) NOT NULL,
  `last_name` varchar(400) NOT NULL,
  `known_as` varchar(200) DEFAULT NULL,
  `gender` char(1) NOT NULL,
  `birthdate` datetime NOT NULL,
  `image_path` varchar(400) DEFAULT NULL,
  `grade` int(11) DEFAULT NULL,
  `biography` text,
  `future_aspirations` text,
  `misc_notes` text,
  `fully_sponsored` char(1) DEFAULT 'n',
  `favorite_subject` varchar(200) DEFAULT NULL,
  `community_id` int(11) DEFAULT NULL,
  `school_level_id` int(11) DEFAULT NULL,
  `etapestry_account_number` int(11) DEFAULT NULL,
  `sponsor_year` int(11) DEFAULT NULL,
  `date_created` timestamp NOT NULL DEFAULT CURRENT_TIMESTAMP,
  PRIMARY KEY (`id`),
  KEY `community_id` (`community_id`),
  KEY `school_level_id` (`school_level_id`),
  CONSTRAINT `scholarship_kids_ibfk_1` FOREIGN KEY (`community_id`) REFERENCES `scholarship_community` (`id`),
  CONSTRAINT `scholarship_kids_ibfk_2` FOREIGN KEY (`school_level_id`) REFERENCES `school_levels` (`id`)
) ENGINE=InnoDB AUTO_INCREMENT=691 DEFAULT CHARSET=utf8;
/*!40101 SET character_set_client = @saved_cs_client */;

--
-- Dumping data for table `scholarship_kids`
--

LOCK TABLES `scholarship_kids` WRITE;
/*!40000 ALTER TABLE `scholarship_kids` DISABLE KEYS */;
INSERT INTO `scholarship_kids` VALUES (1,'Reyna Floridalma','Jocholá Sipac','Reyna','f','2001-01-18 00:01:00','https://cooperativeforeducation.box.com/shared/static/8n48jy8r3tufwijviysa.jpg',7,'Reyna\'s mother recently had to have surgery. To pay her bills, her father took out a loan from the bank, which he has been repaying with the money he earns from his harvest. Unfortunately, last year he lost money on the harvest and wasn\'t able to repay his loans. Now in debt, he won\'t be able to support his five children next year. Without a CoEd scholarship, Reyna will be forced to drop out of school.','Reyna\'s dream is to graduate as a teacher and to get a job teaching in her community.',NULL,'n','Art',21,11,9106,2014,'2013-05-21 02:53:11'),(11,'Dalia Marleny','Acual Melgar','Dalia','f','2000-01-31 00:07:00','https://cooperativeforeducation.box.com/shared/static/hk0ge8rxj6p2j5i3gxpr.jpg',7,'Dalia\'s parents work in the church, and their income depends on donations from church members. Her older brother had to drop out of school due to a lack of funds, but he now works as a mechanic on weekdays so that he can afford to study on Saturdays. Without a CoEd scholarship, Dalia will follow in his footsteps, finding work and trying to attend school on Saturdays.','Dalia’s dream is to graduate as a teacher. Since she likes to do crafts and cook, she hopes to work as a home economics teacher. In that career, she could expand her own knowledge of cooking and teach children how to do crafts .',NULL,'n','Math',21,11,9091,2014,'2013-05-21 02:53:12'),(21,'Mario David','Calcá Coy','Mario','m','1999-01-27 00:02:00','https://cooperativeforeducation.box.com/shared/static/izdhbhk7rdeoknsucr61.jpg',7,'Mario has five siblings, the oldest of whom only studied until sixth grade due to a lack of resources. His father is a farmer and his mother is a textile weaver. His father\'s biggest dream is to see Mario graduate as a professional and get a decent job.','Mario\'s dream is to graduate from college as a lawyer so that he can help people in his community with legal problems.',NULL,'n','Math',21,11,9103,2014,'2013-05-21 02:53:13'),(31,'Gladys Aracely','Calcá Ajú','Gladys','f','2001-01-30 00:03:00','https://cooperativeforeducation.box.com/shared/static/423bthc5mhtpkfr5t04c.jpg',7,'Gladys has three siblings, the oldest of whom is in her second year of middle school. Her parents have promised Gladys that they will send her to school next year. However, they will probably have to break their promise and ask Gladys to work in the fields to help support the family. Gladys and her family live in very poor conditions, since their income depends on the harvest each year.','Gladys\' dream is to graduate from college as a lawyer to help people in her community with legal troubles. She would also like to have her own law office.',NULL,'n','Math',21,11,9094,2014,'2013-05-21 02:53:13'),(41,'Felipa de Jesús','Raquec Sincal','Felipa','f','2000-01-24 00:09:00','https://cooperativeforeducation.box.com/shared/static/xibvn7iz1a1m875k80va.jpg',7,'Felipa\'s living conditions are very poor; the walls of her house are made of clay and mud. Her father works in the fields to support the family—meaning that their wellbeing depends on the success of the harvest each year. Without a CoEd scholarship, Felipa will not be able to continue studying next year. She will have to work to help her parents. None of her three siblings finished middle school. Her mother, who is illiterate, dreams of seeing Felipa become a professional and have a decent job.','Felipa’s dream is to get a degree as a medical surgeon. She wants to open her own medical clinic in her community to be able to help her sick neighbors.',NULL,'n','Math',21,11,9093,2014,'2013-05-21 02:53:13'),(51,'Neydi Magdalena','Olcot Upun','Neydi','f','2001-01-19 00:01:00','https://cooperativeforeducation.box.com/shared/static/ufdot2nar8gf6hf408g7.jpg',7,'Neydi\'s father died six years ago. Her mother, Magdalena, works as a weaver, supporting her three children with income from textile sales. The family lives in Neydi\'s uncle\'s house, in very poor living conditions. Neydi’s future depends on her ability to get an education. Magdalena has promised Neydi that she will be able to go to school next year, but Neydi will probably have to drop out of school and find work if she doesn\'t receive a CoEd scholarship.','Neydi\'s dream is to graduate as a teacher and work with small children.',NULL,'y','Kaqchikel (a local Mayan language)',21,11,9104,2014,'2013-05-21 02:53:13'),(61,'Kimberly Esmeralda','Choc','Kimberly','f','2001-01-23 00:04:00','https://cooperativeforeducation.box.com/shared/static/uz3at2dsmxk3qt0q7unj.jpg',7,'Kimberly’s father left before she was born. Since then, her mother Irma has supported her two daughters by weaving traditional Mayan clothing. The family doesn’t have their own house; they currently live with Kimberly’s grandmother. Irma’s biggest dream is to see Kimberly graduate as a professional with a decent job. Irma is illiterate, and she wants her daughters to have a better life.','Kimberly\'s dream is to work at a bank.',NULL,'y','Art',21,11,9101,2014,'2013-05-21 02:53:13'),(71,'Glenda Irene','Mactzúl  Calcá','Glenda','f','2001-01-31 00:12:00','https://cooperativeforeducation.box.com/shared/static/ge22eyjxnh1ugjg4tti1.jpg',7,'Glenda’s father died eight years ago from complications of alcoholism. Since then, her mother Celestina has earned a meager living by weaving traditional Mayan clothing. The family’s living conditions are very poor, and the two oldest daughters had to drop out of school to help their mother. Glenda has two siblings, and the oldest dropped out after sixth grade.','Glenda\'s dream is to graduate as a teacher. She wants to study in order to find a good job and help improve her family\'s living conditions.',NULL,'n','Art',21,11,9095,2014,'2013-05-21 02:53:14'),(81,'Joselin Alejandrina','Sipac Sinain','Joselin','f','2001-01-25 00:01:00','https://cooperativeforeducation.box.com/shared/static/hd2tlfm7l1mhq2rzcvqw.jpg',7,'Joselin has four siblings. Her two oldest brothers can’t attend school this year due to a lack of resources. Her inspiration is her oldest sister who, with a lot of sacrifice, graduated from high school. She is an example to Joselin, proving that she too can achieve her dreams through hard work and dedication. Joselin’s parents want her to continue in school, but they don’t have the resources to pay for her education.','Joselin\'s dream is to graduate as a teacher in order to improve the quality of education in her community. She knows that she can achieve anything with an education.',NULL,'n','Spanish',21,11,9100,2014,'2013-05-21 02:53:14'),(91,'Pedro Esteban','Teleguario  Mucía','Pedro','m','2001-01-29 00:10:00','https://cooperativeforeducation.box.com/shared/static/6717dwbvzt17iiwiimi8.jpg',7,'Pedro’s father died in January 2012 from an unknown disease. Since then, Pedro has started selling fruit to support his mother. Pedro has three sisters, and the oldest is currently finishing her last year of high school. She provides an example to Pedro of how sacrifice and dedication can help you achieve your dreams. Pedro’s mother dreams of seeing her son become a doctor.','Pedro’s dream is to get a degree as a medical surgeon and to have his own medical clinic in the community. He wants to be able to support his family.',NULL,'n','Math',21,11,9105,2014,'2013-05-21 02:53:14'),(101,'Jaqueline Noemí','Sincal Xiquin','Jaqueline','f','2001-01-05 00:03:00','https://cooperativeforeducation.box.com/shared/static/7b2dpsn6z4loja8c3wwu.jpg',7,'Jaqueline\'s housing and living conditions are poor and unstable. The walls of her home are made of clay and mud; her father works in the fields, and his income depends on the success of the harvest each year. Without a CoEd scholarship, Jaqueline will be forced to drop out of school. She will have to get a job to help support her parents and three siblings.','Jaqueline\'s dream is to earn a diploma as a bilingual secretary. With this diploma, she will be able to work and earn money to help her family.',NULL,'y','Science',21,11,9149,2014,'2013-05-21 02:53:14'),(111,'Andrés','Ajú Ajú','Andrés','m','1997-01-04 00:02:00','https://cooperativeforeducation.box.com/shared/static/zl3grnlg88u8l0jmbv58.jpg',10,'Andrés and his older brother are currently in the same grade. Neither will be able to continue their education next year without a CoEd scholarship. Their father works in the fields; his income is meager and unstable. He cannot afford the costs of his children\'s education. The family’s living conditions are very poor, and the Andrés’ oldest sister has already dropped out of school to help her parents.','Andrés dreams of being a well-known architect. He wants to help his parents so that they can have better living conditions.',NULL,'n','Math',21,1,9086,2014,'2013-05-21 02:53:15'),(121,'Sandra Beatriz','Hernández Choc','Sandra','f','1998-01-30 00:04:00','https://cooperativeforeducation.box.com/shared/static/j4j2yhor1v6rso0evdbm.jpg',10,'Sandra has two older sisters, Jennifer and Glenda. They only studied through middle school because financial resources were scarce. Her father works as a day laborer in the fields, and his income is unstable. None of their family members have graduated. Even though her parents want to keep Sandra in school, they feel powerless because they can\'t cover the cost of her education next year.','Sandra\'s dream is to graduate with a degree in business administration. She wants to find a good job, help her parents, and have a better future.',NULL,'y','Communication and Language',21,1,9108,2014,'2013-05-21 02:53:15'),(131,'Sandra Leticia','Ajú Ajuchán','Sandra','f','1997-01-12 00:04:00','https://cooperativeforeducation.box.com/shared/static/fksq95vqx5cnwvnvim4y.jpg',10,'Sandra has seven siblings. The oldest dropped out of school after ninth grade due to a lack of resources. Sandra’s source of inspiration is her second oldest sister, who is currently finishing her last year of high school. She has set a good example for Sandra about working hard and sacrificing to achieve your dreams. Without a CoEd scholarship, Sandra will have to begin full time work.','Sandra\'s dream is to be a medical therapist to provide therapy for kids with physical disabilities.',NULL,'y','Communication and Language',21,1,9109,2014,'2013-05-21 02:53:15'),(141,'José Rufino','Ajú Ajuchán','Rufino','m','1995-01-09 00:07:00','https://cooperativeforeducation.box.com/shared/static/6ddbe73uqgkxd4qh0jbm.jpg',10,'Rufino has seven siblings, the oldest of whom only studied until ninth grade. The average age of a high-school graduate is 18. Rufino is 17 and is just about to finish middle school, because he had to drop out for several years due to a lack of financial resources. His inspiration is his sister who, with a lot of sacrifice, is finishing her last year of high school. Rufino is in the same grade as one of his sisters, and, without CoEd scholarships, both will have to quit school to start working.','Rufino\'s dream is to become a nurse someday, so that he can take care of patients in need of help.',NULL,'n','Math',21,1,9099,2014,'2013-05-21 02:53:15'),(151,'Ingrid Carolina','Cocón Xicay','Ingrid','f','1996-01-02 00:06:00','https://cooperativeforeducation.box.com/shared/static/p1a53xe6ke034pdciijb.jpg',10,'Ingrid is the oldest child in her family. Her younger brother studies at the elementary school in their village. Ingrid’s father Gilberto works in the fields, and his income is unpredictable throughout the year. Without a CoEd scholarship, Ingrid will have to start working next year, since her parents don\'t have the resources to send her to high school.','Ingrid\'s dream is to graduate as an accountant. She wants to find a job that will enable her to help her parents, and to have a better future.',NULL,'y','Math',21,1,9097,2014,'2013-05-21 02:53:15'),(161,'Cristian José Roberto','Girón Martínez','Cristian','m','1998-01-14 00:02:00','https://cooperativeforeducation.box.com/shared/static/n3ela3pc9bgs1f5go2sr.jpg',10,'Cristian never knew his father—he left before Cristian was born. Cristian lives with his mother Eloida, his grandmother, and three half-siblings (whose father also left the family). Now 52 years old, Cristian’s mother works at the local school. Eloida is determined for Cristian to have a better life. To pay for her children\'s studies, she also travels to sell used clothing.','Cristian\'s dream is to get a teaching certificate in elementary school education. He wishes that illiteracy didn\'t exist in Patzún.',NULL,'y','Communication and Language',21,1,9090,2014,'2013-05-21 02:53:15'),(171,'Ingrid Alicia','Ejcalon Ejcalón','Ingrid','f','1999-01-27 00:04:00','https://cooperativeforeducation.box.com/shared/static/gkdpt4fbtfwf7ndoe7r8.jpg',10,'Ingrid is the oldest of five children. Her father left the family six months ago for another woman. Her mother, Martina, supports the family with income from the corn mill she has in the home. Without a CoEd scholarship, Ingrid will have to start working to help her mother take care of her four younger siblings.','Ingrid\'s dream is to graduate as a surgeon, because she wants to reduce mortality in her community. She is determined to continue studying, because, by graduating and getting a good job, she can help her younger siblings stay in school.',NULL,'y','Math',21,1,9096,2014,'2013-05-21 02:53:16'),(181,'Evelyn Elizabeth','Teleguario Mendoza','Evelyn','f','1996-01-31 00:10:00','https://cooperativeforeducation.box.com/shared/static/2g1eq3wazd8j7iqc27xm.jpg',10,'Evelyn is the oldest of four children. She dropped out of school for a year because her parents couldn’t afford tuition. Evelyn\'s inspiration is her father Silvestre, because, after a lot of hard work and sacrifice, he became a teacher. He now teaches at the local elementary school.','Evelyn\'s dream is to study tourism, so that she will be able to share the beauty of Guatemala with visitors to the country.',NULL,'n','English',21,1,9092,2014,'2013-05-21 02:53:16'),(191,'Jennifer Sucely','Yos Ajú','Jennifer','f','1998-01-29 00:03:00','https://cooperativeforeducation.box.com/shared/static/k0uzw6uuhn4tgzzob9w6.jpg',10,'Jennifer\'s family has very few resources. Her father, Efraín, supports his three children by working as a farmer. During the past few years, the family has faced many economic crises. Efraín even considered emigrating to the United States to pay for his children’s education. Without a CoEd scholarship, Jennifer will not be able to stay in school next year. She will have to work to help her parents and younger siblings.','Jennifer\'s goal is to become an elementary-school teacher. She dreams of a day when illiteracy will no longer exist in Patzún.',NULL,'n','Crafts',21,1,9098,2014,'2013-05-21 02:53:16'),(201,'Brenda Leticia','Yos Catonón','Brenda','f','1998-01-01 00:08:00','https://cooperativeforeducation.box.com/shared/static/h4djzp175nokmfpdhz65.jpg',10,'Brenda is the oldest of four children. Her father is a farmer and her mother has a small tortilla business. Brenda’s inspiration is her aunt, who is a nurse and works at the largest national hospital in Guatemala City (Roosevelt Hospital).','Brenda\'s dream is to become a nurse. She wants to help sick people in her town.',NULL,'n','Communication and Language',21,1,9088,2014,'2013-05-21 02:53:16'),(211,'Angélica Matilde','Jocholá Concobá','Angélica','f','1998-01-18 00:03:00','https://cooperativeforeducation.box.com/shared/static/id4vdhhecafien11es1w.jpg',10,'Angélica\'s father died in a car accident seven years ago. Since then, her older siblings have worked to pay for their schooling and, with a lot of hard work and dedication, have all been able to finish school. Angélica’s mother wants her to stay in school so that she can have a better future, but her ability to finish her education depends on whether her older siblings will be able to continue to help.','Angélica\'s dream is to graduate from college as a pediatrician and nutritionist. She wants to help children in her community who suffer from malnutrition.',NULL,'n','Communication and Language',21,1,9087,2014,'2013-05-21 02:53:16'),(221,'Ruth Nohemí','Mucía Barán','Nohemí','f','1997-01-08 00:10:00','https://cooperativeforeducation.box.com/shared/static/wrrvo584obzzih0yy85d.jpg',10,'Nohemí has two older brothers, but neither of them has been able to finish middle school. For the past few years, Nohemí has been an outstanding student with the highest grades in her class. Because of her exceptional performance, Nohemí’s mother has started selling eggs and fruit to earn extra income for the family, so that Nohemí can continue her education.','Nohemí\'s dream is to graduate as an elementary school teacher so that she can improve the quality of education in Patzún.',NULL,'n','Crafts',21,1,9107,2014,'2013-05-21 02:53:17'),(231,'Silvia Beatriz','Jochola Coy','Silvia','f','2000-01-31 00:10:00','https://cooperativeforeducation.box.com/shared/static/uyuote4ifu9nxkt1jdj1.jpg',7,'Silvia’s father works long hours in the fields, planting corn and beans. The money he makes enables him to support his four children. Silvia likes to study, and she knows that education will enable her to have a better life in the future. But without a CoEd scholarship, it is unlikely that she will be able to stay in school.','Silvia\'s dream is to graduate as a surgeon so that she can help her community.',NULL,'y','Math',21,11,9110,2014,'2013-05-21 02:53:17'),(241,'Maria','Ajú Ajú','María','f','2000-01-07 00:04:00','https://cooperativeforeducation.box.com/shared/static/dmenyw6tlr70dugpar3j.jpg',7,'Maria is the youngest of five children. For the past few years, she has been an outstanding student with the highest grades in her class. Her father works as a day laborer in the fields—earning a meager, unstable income—and cannot afford to send his children to school. The family’s living conditions are very poor, and the oldest daughter already had to drop out of school to help her parents.','Maria\'s dream is to graduate as a teacher and to get a teaching job in her community.',NULL,'y','Math',21,11,9102,2014,'2013-05-21 02:53:17'),(251,'Sindy Maribel','Ejcalón  Ejcalón','Sindy','f','2001-01-03 00:06:00','https://cooperativeforeducation.box.com/shared/static/cni06dolgzin5td57t6m.jpg',7,'Sindy is the second oldest of five children. Her father abandoned the family six months ago to begin a new home with another woman. Sindy’s mother has a corn mill in her house, and this income allows her to support the family. Without a CoEd scholarship, Sindy will have to leave school to work and help her mother take care of her three younger siblings.','Sindy\'s dream is to graduate as a surgeon because she wants to reduce mortality in her community. She is motivated to continue studying so that she can get a job and help support her mother.',NULL,'y','Math',21,11,9111,2014,'2013-05-21 02:53:17'),(261,'Cristián Clemente','Pérez Rucuch','Cristian','m','2000-01-22 00:09:00','https://cooperativeforeducation.box.com/shared/static/uecn7qebelswu861l613.jpg',7,'Cristian is the oldest of four children. His father is a farmer, and rents land every year to plant corn. His mother has a small food business.  This income allows them to support the entire family. Unfortunately, it is not enough to send all of their children to school.','Cristian’s dream is to graduate as an agricultural engineer and to get a job to help his parents.',NULL,'n','Citizenship Education',21,11,9089,2014,'2013-05-21 02:53:17'),(271,'Gustavo Adolfo','Levon Xicay','Gustavo','m','2001-01-01 00:03:00','https://cooperativeforeducation.box.com/shared/static/r34dqapzbunkrm582yl9.jpg',7,'Gustavo’s father died in 2003, when Gustavo was only two years old. Since then, his mother has supported her only child by weaving traditional Mayan clothing and working in the fields. Gustavo and his mother don\'t have their own house. They currently live with his grandparents. Without a CoEd scholarship, Gustavo will begin work next year as a day laborer on their neighbors’ land. But his mother hopes that he will be able to continue his studies. She doesn\'t want to see him working in the fields and suffering under the hot sun. It\'s her dream to see him achieve a good job in a professional setting.','Gustavo\'s dream is to graduate from college as a lawyer and help people in his community with legal troubles. He is especially motivated to continue his education because he wishes to one day help support his mother, who is a widow.',NULL,'n','Theater and Performance',11,11,9073,2014,'2013-05-21 02:53:17'),(281,'Lidia Esperanza','Toróc Miculax','Lidia','f','2001-01-10 00:01:00','https://cooperativeforeducation.box.com/shared/static/u8apeu28l9cj1i8qs0d5.jpg',7,'Lidia has four brother and sisters. Two of them are older than Lidia, but only one has finished middle school. None of them have been able to start high school. Lidia\'s father supports the family by working long hours in the fields, but he can only afford to provide the most meager living conditions for his five children. The walls of the family’s house, for instance, are made of aluminum and clay.','Lidia dreams of becoming an elementary school teacher. She hopes to get a job at a school in her community, so that she can teach little kids and earn enough money to help her parents.',NULL,'y','Reading',11,11,9077,2014,'2013-05-21 02:53:18'),(291,'Gloria Esperanza','Xicay Olcot','Gloria','f','2000-01-22 00:10:00','https://cooperativeforeducation.box.com/shared/static/9x67ti5dh1pvq2vy025c.jpg',7,'Gloria’s father abandoned the family six years ago, leaving them to start a second family. Since then, her mother has worked for an agricultural export company, sorting and packing peas. She earns $5 a day for 10 hours of work. Gloria\'s living conditions are less than ideal; the walls of her home are made of clay, and the entire family sleeps in one room.','Gloria\'s dream is to be an agricultural engineer and work for a company or organization to provide technical assistance to farmers in her community. Gloria\'s inspiration is her mother, who works very hard to support seven children on her own. Gloria hopes that her future career will enable her to help her mother. She is also inspired by two of her older brothers, who are currently studying agrotourism in high school.',NULL,'y','English',11,11,9072,2014,'2013-05-21 02:53:18'),(301,'Erika Yohana','Saloj Miculax','Erika','f','2001-01-05 00:04:00','https://cooperativeforeducation.box.com/shared/static/bxspd4si4txzqv02wq7d.jpg',7,'Erika is the second-oldest of five siblings, including three who study at the local elementary school. Erika wants to study because she wants to be someone important in life. She dreams of having the financial resources to help her parents and to help her younger brother and sisters stay in school. However, her parents don\'t know how they will be able to send Erika to school next year. With only two years’ age difference between each of their children, they don\'t have the resources to pay for all of their education at once. However, with the help of a CoEd scholarship, Erika is sure that she will be able to stay in school and achieve her dreams.','Erika’s dream is to become a lawyer and have her own office. She wants to have her own income and be able to buy some land to build a house.',NULL,'y','Math',11,11,9067,2014,'2013-05-21 02:53:18'),(311,'Lilian Verónica','Saloj Racanac','Lilian','f','2000-01-22 00:06:00','https://cooperativeforeducation.box.com/shared/static/sccr2t529cma3m8asc8e.jpg',7,'Every year, Lilian spends her school vacations sorting and packing peas at an agricultural company. Her father is a day laborer in their neighbors\' fields. His income barely enables him to provide the basic necessities to his six children. Without a CoEd scholarship, Lilian will have to leave school to begin working next year, since her parents don\'t have the resources to give her an education. Lilian’s biggest inspiration is her older brother Elfido, since he works Monday through Friday as a day laborer to earn enough to go to school on Saturdays.','Lilian’s dream is to become an elementary school teacher and save money for a better future. She dreams of someday being a professional and being able to help her parents financially.',NULL,'y','English',11,11,9078,2014,'2013-05-21 02:53:18'),(321,'Esmeralda','Saloj Chopox','Esmeralda','f','1999-01-13 00:12:00','https://cooperativeforeducation.box.com/shared/static/rk5zzoh0go08hd6ruplz.jpg',7,'Esmeralda plays school every day with her siblings and cousins. She\'s always the teacher. Two of her older brothers have been forced to drop out of school due to a lack of resources. The past few years, their father, Raymundo, has lost crops in his fields, and the family has suffered from illnesses. Raymundo has promised his oldest daughters—including Esmeralda—that he will make sure they can study next year. But he knows that he will probably only be able to support the eldest—and even this will depend on the success of his harvest. Without a CoEd scholarship, Esmeralda will likely drop out of school to begin working in the fields alongside her father.','Esmeralda’s biggest goal is to be an elementary school teacher. She is inspired by her teachers at school and wants to be just like them some day.',NULL,'y','Theater and Performance',11,11,9068,2014,'2013-05-21 02:53:18'),(331,'Gerson Yovany','Bartolomin Ajsivinac','Gerson','m','1999-01-21 00:11:00','https://cooperativeforeducation.box.com/shared/static/sc9upbxh1w22ut1s3e7x.jpg',7,'Gerson and his family have been living in the community of Camán for a year, where they were able to build a small house. Before that, they rented a house in Patzicia, but they couldn\'t afford the rent. Because of the family’s limited financial resources, Gerson’s two older brothers only studied until sixth grade.','Gerson’s dream is to get a university degree in architecture, since he likes construction a lot. He dreams of designing and building his own house and having the financial resources to achieve better living conditions.',NULL,'n','Math',11,11,9071,2014,'2013-05-21 02:53:18'),(341,'Dickson Javier','Canú Ajú','Dickson','m','2001-01-26 00:11:00','https://cooperativeforeducation.box.com/shared/static/b3f9xsxhbckjril8ro95.jpg',7,'Dickson’s father is a day laborer in the fields of some neighbors. His employment is unstable during about half of the year. Even though Dickson is only 11 years old, he works every afternoon and on weekends during corn growing season, from May to December. His income is used to support his parents.','Dickson’s dream is to be a teacher and to work in the school in his community. He is the older of two children, and he is inspired to achieve a better life. Dickson wants to set a good example for his younger sister and hopes they both can become professionals, because he doesn\'t want them to live a life of suffering, working in the fields.',NULL,'n','Math',11,11,9066,2014,'2013-05-21 02:53:19'),(351,'Heidy Noemí','Azmitia  Cujcuj','Heidy','f','2001-01-29 00:05:00','https://cooperativeforeducation.box.com/shared/static/l27o9m4tsrgqlvx2ys6e.jpg',7,'Heidy\'s house is located on a cliff, more than a mile from the school in her community. Every day, she walks to school, but she doesn’t complain about the distance. She is just happy to have the opportunity to study. Her family is poor and her father, Justo, has diabetes. From December to April, her family travels to a village 31 miles from their home called Santa María Cauque. There, her father works in construction since he can\'t find work near their home during this time. Heidy wants to continue studying, and she is inspired by her older brother, who finished his studies with the support of a nonprofit organization and has since gotten a better job.','Heidy\'s dream is to graduate as a bilingual secretary. She wants to have her own source of income, which she would use to help her parents. Her goal is to improve her family’s living conditions.',NULL,'n','Math',11,11,9074,2014,'2013-05-21 02:53:19'),(361,'Delmy Lizbeth','López Santizo','Delmy','f','2002-01-29 00:01:00','https://cooperativeforeducation.box.com/shared/static/hq6zyf1kekgsdlcsbm25.jpg',7,'Delmy has five siblings in all. Four are younger than her, and they all study at the local school. Delmy’s older sister, who is 12 years old, is in the same grade as Delmy. Neither one will be able to continue studying next year without scholarships. Delmy dreams of going on to middle school next year, and it doesn\'t even matter to her that she will have to walk two and a half miles each day just to get to the closest school. Her biggest motivation for continuing her education is her parents, since she ultimately hopes to have a job that will allow her to help her family.','Delmy\'s dream is to graduate from high school and to work as a home economics teacher, since she likes to do crafts and to cook. She would like to learn how to cook different types of foods and to teach children how to make crafts.',NULL,'n','Math',11,11,9064,2014,'2013-05-21 02:53:19'),(371,'Iris Carolina','Sisimit Cujcuj','Iris','f','2000-01-18 00:12:00','https://cooperativeforeducation.box.com/shared/static/13oswmlic1ikd92sgy9s.jpg',7,'Iris is the only girl in her family. She is the oldest of five children, four of whom study in the community\'s school. Iris likes to study math and to learn numerical operations. She is a good student, and earns the highest grades in her class. One of her favorite hobbies is reading, since she likes to learn new things.','Iris\' dream is to be a professional accountant. She wants to work in an office and to earn enough income to help her family.',NULL,'y','Math',11,11,9075,2014,'2013-05-21 02:53:19'),(381,'Yaneth Magdalena','Xicay Calí','Yaneth','f','2001-01-14 00:05:00','https://cooperativeforeducation.box.com/shared/static/gg4vxexbp8udg2jonsml.jpg',7,'Yaneth’s father works as a day laborer in their neighbors’ fields. He often has trouble finding work from January to May. Although Yaneth is only 12 years old, she does what she can to help support the family. During the corn growing season (May–December), she works every afternoon and on weekends. Her income helps to support her parents and her six brothers and sisters.','Yaneth\'s dream is to be a teacher and to earn enough income to help her parents.',NULL,'n','Math',11,11,9148,2014,'2013-05-21 02:53:19'),(391,'Francisco Rodolfo','Xicay Ajsivinac','Francisco','m','1997-01-03 00:12:00','https://cooperativeforeducation.box.com/shared/static/k1gdk3efl8rsiotccusv.jpg',10,'Although Francisco has three older siblings, none of them have been able to go to high school. Their father, Raúl, earns a meager wage as a farmer and day laborer on their neighbor\'s land. Raúl lost an eye in a work accident in the fields, which has made it difficult for him to find work in the community. For the past three years, Francisco\'s parents have taken out loans from financial institutions to cover the costs of schooling for their four children, using their income from the harvests to pay back the loans. Sadly, they had a loss during the last harvest. Now they are in debt, and won\'t be able to pay for an education for any of their children. A CoEd scholarship is Francisco’s only hope of being able to continue in school.','Francisco\'s dream is to graduate as a nurse and then to get a degree as a medical surgeon. His biggest goal is to become a professional so that he can have a better future.',NULL,'y','Math',11,1,9069,2014,'2013-05-21 02:53:20'),(401,'Gerber Anibal','Perobal Buch','Gerber','m','1997-01-23 00:03:00','https://cooperativeforeducation.box.com/shared/static/g58r9qyq6jghsrwgwjxb.jpg',10,'Gerber is the oldest of three children. His father rented farm land, but lost money in past harvests and couldn\'t pay his rent. Gerber\'s father moved to Guatemala City to work as a security guard to pay off his debt. Without the support of a CoEd scholarship, Gerber will be forced to leave school to work in the fields.','Gerber’s dream is to become a lawyer and to defend the people in his community. He wishes there was more justice in his community and that the rights of his neighbors were defended.  He wants to be a famous lawyer and have a better life. His biggest goal is to break out of the poverty he currently lives in, because his only other option is to work in the fields for his entire life.',NULL,'y','Math and Technology',11,1,9070,2014,'2013-05-21 02:53:20'),(411,'Silvia Marleny','Choc Sion','Silvia','f','1998-01-18 00:07:00','https://cooperativeforeducation.box.com/shared/static/9av39u7e8kd5s24ha235.jpg',10,'Silvia\'s parents work in the fields. Her older brother is her inspiration, because he graduated as an accountant. He worked Monday through Friday to earn money for school, and studied on Saturdays. Finishing school allowed him to get a job that supports his current university studies. Without the support of a CoEd scholarship, Silvia will have to drop out of school, and find work to help her parents.','Silvia\'s dream is to graduate as a nurse and to find a professional job.',NULL,'y','Art',11,1,9082,2014,'2013-05-21 02:53:20'),(421,'Antony Armando','Patal Toroc','Antony','m','1997-01-26 00:12:00','https://cooperativeforeducation.box.com/shared/static/rkf7mud3udxm8dwnhc25.jpg',10,'Antony is the oldest of four children. Two of his younger siblings study at the elementary school in their community. Their family doesn\'t have their own land, so his father rents land to plant vegetables. The family’s only income is whatever their father earns each harvest. Antony’s parents have promised him that he will be able to go to school next year, but they likely won\'t be able to keep that promise. Without a CoEd scholarship, Antony will have to put his education on hold indefinitely to work in the fields.','Antony’s dream is to learn the laws of Guatemala, to become a lawyer, and to open his own law office. He dreams of being an important person and improving his standard of living.',NULL,'n','Technology',11,1,9060,2014,'2013-05-21 02:53:20'),(431,'Miriam Elizabeth','Santizo Ajxoló','Miriam','f','1994-01-09 00:03:00','https://cooperativeforeducation.box.com/shared/static/zaija8qgyw6a4ycebq12.jpg',10,'The average age to graduate from high school is 18. Miriam is 19 and is just now finishing middle school; she had to drop out of school for many years since she couldn’t afford to pay the tuition. Both of her parents are illiterate, but her inspiration is her older brother, who graduated as an accountant. In 2012, Miriam won first place in the Patzicia Science Olympics organized by Guatemala’s Ministry of Education.','Miriam\'s dream is to graduate from college with a law degree, to help her family, and to build a better life for herself and her future children',NULL,'y','Accounting',11,1,9080,2014,'2013-05-21 02:53:20'),(441,'Dalila Azucena','Xicay Asturias','Dalila','f','1998-01-08 00:08:00','https://cooperativeforeducation.box.com/shared/static/vszeximjhg4hvpuqo58n.jpg',10,'Dalila and her parents don\'t own their own home; they currently live in her grandparents’ house. Her mother has serious health problems and needs heart surgery. Her parents have decided not to send Dalila to school next year, since their oldest daughter will be in her last year of school to become a teacher, and they can\'t afford for both girls to study. Without a CoEd scholarship, Dalila will drop out of school and begin working, with the hope of someday completing her education.','Dalila hopes to graduate as a medical surgeon. Her biggest dream is to become a professional, and to have a better future.',NULL,'y','Technology',11,1,9063,2014,'2013-05-21 02:53:20'),(451,'Bianca Antonia','García Santizo','Bianca','f','1997-01-06 00:11:00','https://cooperativeforeducation.box.com/shared/static/1la5zw7i80tvdfbbfetm.jpg',10,'Bianca lives in extreme poverty. Her family’s home is made of clay, and their income depends on the corn harvest each year. Her biggest inspiration is her older brother—who, with a lot of hard work, was able to graduate from college with a degree in agricultural engineering. For Bianca, he is a shining example that she can achieve her dreams.','Bianca\'s dream is to earn a degree in agricultural engineering, and to help her community with agricultural projects.',NULL,'y','Math',11,1,9061,2014,'2013-05-21 02:53:20'),(461,'Verónica','Canú Xicay','Verónica','f','1996-01-03 00:08:00','https://cooperativeforeducation.box.com/shared/static/gzconb0tdkemjvjnddlg.jpg',10,'Verónica\'s parents are farmers, and the family\'s income depends on each harvest. Verónica\'s mother is diabetic. Her father earns very little money during about half of the year, during the harvest’s off-season. Verónica is inspired by her older brother, who will graduate this year.','Verónica\'s dream is to get a job as an elementary school teacher in her community.  Her overall goal is to obtain better living conditions for herself and her parents.',NULL,'n','Theater and Performance',11,1,9083,2014,'2013-05-21 02:53:21'),(471,'Vilma Roselia','Perobal Xico','Vilma','f','1997-01-14 00:10:00','https://cooperativeforeducation.box.com/shared/static/1ikf3kgi17peul8al0rb.jpg',10,'Vilma and her family live in very poor conditions, since their income depends on the harvest each year. Without the support of a CoEd scholarship, Vilma will not be able to afford to continue in school next year. She will have to work and save money, with the hope of returning to school someday. None of her four siblings have finished middle school.','Vilma has two big dreams. The first is to graduate as an elementary school teacher and find a job in her community.  Her second dream is to use the income from her job to enroll in college to become a surgeon, so that she can take care of sick people.',NULL,'n','English',11,1,9084,2014,'2013-05-21 02:53:21'),(481,'Wendy Roxana','Xicay Ajquejay','Wendy','f','1996-01-21 00:04:00','https://cooperativeforeducation.box.com/shared/static/nsppkdd2d2n0eyzllg0e.jpg',10,'On average, high-schoolers graduate at age 18. Wendy is 17 now, and she still hasn\'t finished middle school. She had to drop out for a few years because she couldn’t afford the school fees. Her family has very little money, since they depend on the harvest each year for income and occasionally lose their crops. Without a CoEd scholarship, Wendy will have to leave school again, with the hopes of someday returning to complete her education.','Wendy\'s dream is to graduate as a medical surgeon and to have her own medical clinic in her community.',NULL,'n','Art',11,1,9085,2014,'2013-05-21 02:53:21'),(491,'Julio Yovani','Sotz Canú','Julio','m','1997-01-25 00:09:00','https://cooperativeforeducation.box.com/shared/static/oyys0ax9vqddw584yf18.jpg',10,'Julio’s father abandoned the family years ago, and his mother, Margarita, has supported Julio and his sister ever since. His younger sister, Carmen, studied through sixth grade, but then had to start working because their family didn\'t have enough money to send her to school. Their living conditions are very poor—the walls of their home are made of wood, and they depend on their mother’s irregular income as a day laborer in the fields. If Julio doesn\'t get a CoEd scholarship, he will have to work next year. He may be able to continue studying on the weekends, but most likely won\'t be able to afford to go to school at all.','Julio\'s dream is to earn a university degree in medicine and become a surgeon. He wants to have better living conditions and help his family rise out of poverty.',NULL,'n','Technology',11,1,9076,2014,'2013-05-21 02:53:22'),(501,'Brenda Magaly','Perobal Cristal','Brenda','f','1999-01-17 00:09:00','https://cooperativeforeducation.box.com/shared/static/5zh8dfc56cs25rnj6ewh.jpg',10,'Brenda is an only child. Her parents are farmers; their income depends on the harvest each year. Her parents want to give her an education so that she can be a professional and have the opportunities that they never had.','Brenda\'s dream is to graduate as a nurse and to get a job so that she can help her parents have a better life.',NULL,'n','Crafts',11,1,9062,2014,'2013-05-21 02:53:22'),(511,'Diana Angélica','Ajquiy Canú','Diana','f','1997-01-25 00:10:00','https://cooperativeforeducation.box.com/shared/static/ygwuzuj6cmfa6distkvz.jpg',10,'Diana has two older sisters. Neither finished primary school, dropping out after fourth grade. Diana\'s father died years ago, and her mother has worked in the fields ever since to support her three children. Her mother\'s wish is that Diana will graduate and get a degree so that she doesn’t suffer the same poverty. Despite this dream, she doesn\'t have the resources to pay for Diana\'s education.','Diana\'s dream is to graduate as a bilingual secretary. She plans to find work and use the money she earns to enroll in college and one day graduate with a degree in psychology.',NULL,'n','Accounting and Dance',11,1,9065,2014,'2013-05-21 02:53:22'),(521,'Mónica Carolina','Canú Saloj','Mónica','f','1997-01-30 00:11:00','https://cooperativeforeducation.box.com/shared/static/nlh4w4lxwxr7nqd4w210.jpg',10,'When Mónica finished primary school, she stopped studying for a year because her parents couldn\'t afford the school fees. In 2013, they again faced financial difficulties that forced Mónica to enter school a month late, and they still have trouble paying for her education. Without the support of a CoEd scholarship, Mónica will most likely drop out of school since the closest high school is seven miles away, and she can\'t afford the cost of transportation.','Mónica\'s dream is to graduate as a bilingual secretary, find work in an office, and earn a decent wage. She loves studying and hopes to continue her education.',NULL,'n','Dance',11,1,9081,2014,'2013-05-21 02:53:22'),(531,'Linda Yesenia','Ajsivinac García','Linda','f','1997-01-01 00:07:00','https://cooperativeforeducation.box.com/shared/static/elbxjm9at4lnz64agvs0.jpg',10,'Linda\'s father Reginaldo believes in education, and each year he keeps his eight children in school by taking out a loan from the bank, which he then repays with his income from the harvest. Unfortunately, last year he lost money on the harvest and wasn\'t able to repay his loans. Reginaldo is now in debt and won\'t be able to pay for his children’s education next year. Without a CoEd scholarship, Linda will not be able to continue her schooling.','Linda\'s dream is to graduate as a medical surgeon. She knows that this career will enable her and her family to have a better future.',NULL,'y','Theater',11,1,9079,2014,'2013-05-21 02:53:23'),(541,'Sergio Geovany','García De la Cruz','Sergio','m','1997-01-22 00:06:00','https://cooperativeforeducation.box.com/shared/static/5hi4xv7bm2zc6hso8q74.jpg',7,'Sergio lives in a community eight kilometers from the municipality of Santiago Sacatepéquez, in the central highlands of Guatemala. He has five sisters and two brothers. His father, Romeldo, supports the family with his meager wages as a mason, despite struggling with alcoholism.','Sergio wants to be an electrician, so that he can be just like his uncle. His dream is to be able to help his mother and the rest of his family with the money he will make as an electrician.',NULL,'n','Reading',1,11,9058,2014,'2013-05-21 02:53:23'),(551,'Paola','Raxón Ixjotop','Paola','f','2000-01-17 00:08:00','https://cooperativeforeducation.box.com/shared/static/ctuhpn3digb5hzxvxk7r.jpg',7,'Paola never knew her father, who left before she was born. Today, Paola lives with her mother, grandmother, and baby brother (whose father also left their family). Her mother is 32 years old and works for an agriculture company. Paola often helps the family by collecting firewood for cooking in the forest.','Paola dreams of working in an office as a bilingual secretary. She knows that staying in school will allow her to have a better life. Her dream is to break out of the poverty that her family lives in.',NULL,'y','English',1,11,9057,2014,'2013-05-21 02:53:23'),(561,'Jheffer Benjamín','López Fuentes','Jheffer','m','2001-01-10 00:05:00','https://cooperativeforeducation.box.com/shared/static/abj4hdkxel4lbwo2npgs.jpg',7,'Many years ago, Jheffer\'s parents divorced, and his mother abandoned the family. He now lives in Santiago Sacatepéquez with his father, stepmother, two biological siblings, and one stepsister. Before that, he lived in Guatemala City for 10 years. The family does not own a house; instead, they rent a small place to live.\n\nWithout a CoEd scholarship, Jheffer would be forced to begin work next year, saving what little money he earned so that he could continue his studies in the future.','Jheffer dreams of being a businessman, so that he can create jobs for the people in his community. He wants to be someone important and have the power to help other people achieve their dreams too.',NULL,'n','Science',1,11,9054,2014,'2013-05-21 02:53:23'),(571,'Elida','Quel Saz','Elida','f','1998-01-14 00:11:00','https://cooperativeforeducation.box.com/shared/static/l54rylwm3oz3o8fok8cq.jpg',7,'Currently Elida works in the fields and earns 25 quetzales (about $3.20) for 5 hours of work each day. Elida\'s parents have given her very little support for her studies. Elida\'s father emigrated to the United States years ago and eventually started to send money for food. Her mother works in the fields, earning 40 quetzales (about $5.10) per day. When she can\'t find employment in the fields, she makes tortillas to sell to her neighbors in order to pay for food for the family.  Without a CoEd scholarship, Elida would begin working every day next year.','Elida\'s dream is to be a lawyer so that she can defend the people in her town.  She wishes there could be more justice in her community—that someone would fight for the rights of her family, friends, and neighbors.  She hopes to make a name for herself as a lawyer, and at the same time, attain a better life.  The driving force behind her dream is her goal of escaping the poverty she currently lives in, because her only other option is to spend her entire life working in the fields.',NULL,'y','Math and Music',1,11,9051,2014,'2013-05-21 02:53:23'),(581,'Brayan Alexander','Rucal Yucute','Brayan','m','2000-01-14 00:01:00','https://cooperativeforeducation.box.com/shared/static/m1en5ga9bcvj3m2ik3jm.jpg',7,'Brayan is the oldest child of four. His three siblings study at the local primary school. During the summer, he helps his father sell hot dogs in the town square; during the harvest season, he helps his father in the fields. For the past two years, he has had the best grades in his class. Brayan and his family don\'t have their own house in Santiago. Instead, they live in Brayan\'s aunt\'s house.','Brayan\'s dream is to study hard so that he can become a doctor one day. He wants to open a local clinic that will provide medical care to the people in his community.  His goal is to have a dignified job and to help his parents.',NULL,'y','Math',1,11,9050,2014,'2013-05-21 02:53:23'),(591,'Elmy Ofelia','Mucur Bucu','Elmy','f','1998-01-04 00:07:00','https://cooperativeforeducation.box.com/shared/static/kfxyr7uy8ovxzpgnks6c.jpg',7,'Elmy lives with her mother, her older sister, and two nephews. They don\'t have their own house; instead, they rent a place where the whole family lives. Her father emigrated to the United States many years ago, and they never heard from him again. Her mother now supports the family by selling clothes in the street. Elmy is determined to stay in school next year, although she will have to work Monday through Friday in order to afford to continue her studies.','Elmy dreams of becoming a professional accountant. She wants to work in an office and to have sufficient income to help her family. She also dreams of having her own house when she grows up. Her biggest inspiration is her mother, Marta. She hopes to one day be able to help her mother, so that she can have a better life.',NULL,'y','Science',1,11,9052,2014,'2013-05-21 02:53:24'),(601,'Zoila Maribel','Mucur Chicop','Zoila','f','1999-01-03 00:08:00','https://cooperativeforeducation.box.com/shared/static/yjcepnh4knixt3gzhuvo.jpg',7,'Zoila\'s father is an alcoholic and doesn\'t provide any income for the family. Her older sister attends high school on a CoEd scholarship, and she has inspired Zoila to continue studying. Zoila has seven siblings in all, two of whom are married and four who are still in school. The older siblings work and provide economic support to the family.','Zoila\'s dream is to be a teacher so that she can educate the children in her community. She frequently plays school at home with her cousins, teaching them all about what she has learned. Her biggest inspirations are her older sisters, both of whom are close to graduating.',NULL,'y','Theater and Performance',1,11,9059,2014,'2013-05-21 02:53:24'),(611,'Luisa Fernanda','Granados Iquic','Luisa','f','1997-01-11 00:01:00','https://cooperativeforeducation.box.com/shared/static/lun3cwedcz96aekmsd1p.jpg',7,'Luisa has eight siblings, six of whom are still in school. None of her older siblings have been able to finish middle school—and her parents’ financial situation likely means that Luisa will be forced to drop out as well. Her parents want to support her education, but they just don’t have the funds to pay for Luisa’s school expenses. A CoEd scholarship would allow Luisa to stay in school. She knows that continuing to study means a better future for her and the children she’ll have someday; an education will provide a path to better opportunities and living conditions.','Luisa\'s biggest dream is to study to become an elementary-school teacher. She wants to get a job at the school in her community so that she can teach the local children and earn enough money to help her parents. Luisa says that with an education and a good job, she will be able to build her own house one day.',NULL,'y','Math',1,11,9056,2014,'2013-05-21 02:53:24'),(621,'Jazmin Paola','Rodas Granados','Jazmin','f','2001-01-19 00:01:00','https://cooperativeforeducation.box.com/shared/static/wp0ouwtdfz7wo4lgfzwm.jpg',7,'Since Jazmin\'s father is an alcoholic, most of the support she receives is from her mother, who works on a local farm collecting and packing eggs. The family has their own land, but they haven’t had the resources to be able to build a house yet. They currently live in their aunt\'s small house. Jazmin is the oldest of three children. Her siblings are currently studying in elementary school.','Jazmin\'s dream is to graduate as a Bilingual Secretary and work in an office. Her goal is to have a professional job and to have her own source of income.',NULL,'y','Science',1,11,9053,2014,'2013-05-21 02:53:24'),(631,'Alejandra María','Yanì Ajin','Alejandra','f','1999-01-23 00:04:00','https://cooperativeforeducation.box.com/shared/static/u2d7sq83zusobjq251eg.jpg',7,'Both of Alejandra\'s parents are illiterate, but they want their children to study so that they won\'t suffer the same poverty. Alejandra has two older brothers. Only one of them was able to finish middle school and go on to high school, thanks to a loan. Unfortunately, because of financial difficulties, he couldn\'t even finish his first year, leaving his parents 600 quetzales (about $77) in debt. Although there is a public middle school in the community, the family can\'t afford the school supplies and materials that Alejandra needs to continue her studies, because her mother is often sick. Without a CoEd scholarship, Alejandra will be forced to drop out of school and work in the fields to help her parents.','Alejandra aspires to have a good job that will allow her to escape the poverty she currently lives in. Specifically, her dream is to get a university degree as a lawyer and to help people in her community with legal problems. She often imagines her college graduation, picturing the exact moment that she will receive her diploma.',NULL,'y','Kaqchikel (a local Mayan language)',1,11,9049,2014,'2013-05-21 02:53:24'),(641,'Jorge Gudiel','Flores Tezén','Jorge','m','2000-01-09 00:11:00','https://cooperativeforeducation.box.com/shared/static/4xcotmon35wx1htgrvsf.jpg',7,'Jorge is the oldest of five children. Although his father, Juan Flores, is illiterate, he supports his children\'s education because he wants them to have a better future. Jorge\'s house reflects the dire poverty his family lives in—its walls are made of cane and aluminum, no one has their own bed, and the entire family sleeps in one small room. Jorge believes strongly that God will help him continue studying.','Jorge dreams of earning a diploma that will allow him to work in the nonprofit sector to support education in Guatemala. His goal is to get a job, earn a stable income, and enjoy better living conditions.',NULL,'y','Communication and Language',1,11,9055,2014,'2013-05-21 02:53:24'),(651,'Ericka Isabel','Yucuté Con','Ericka','f','2000-01-04 00:07:00','https://cooperativeforeducation.box.com/shared/static/orjnwyaztbrt2g1v25ye.jpg',7,'Ericka is the oldest of three children. Her father harvests and packs vegetables; her mother sells flowers. Her father supports his children\'s education because he wants them to have a better future. Every day, Ericka takes care of her younger brother, José, while their parents work. Without a CoEd scholarship, she will be forced to leave school to work with her parents.','Ericka\'s dream is to get a university degree as a lawyer. She wants to help people in her community, and to have her own source of income.',NULL,'n','Science',1,11,9144,2014,'2013-05-21 02:53:24'),(661,'Sonia Aracely','Ixcajoc Yoc','Sonia','f','1997-01-31 00:01:00','https://cooperativeforeducation.box.com/shared/static/glf1shkq6265wd1pulgs.jpg',7,'Sonia is the oldest of three children. Although the average age to get a high school diploma is 18, Sonia is just now finishing primary school at age 16. She had to drop out of school for many years when her family didn\'t have the financial resources to support her education. She wants to study because she knows that finishing school is the path to a better life.','Sonia\'s dream is to graduate from college as a veterinarian. She hopes to earn a university diploma and gain knowledge that will enable her to care for animals.',NULL,'y','Reading',1,11,9145,2014,'2013-05-21 02:53:24'),(671,'Lisbeth Carolina','Raxón Morales','Lisbeth','f','1998-01-22 00:12:00','https://cooperativeforeducation.box.com/shared/static/76fpj7o2ra2abv0mnodl.jpg',7,'Lisbeth has five siblings; all except the oldest are currently studying in primary school. Her older brother started high school in 2012 with a CoEd scholarship, and he has inspired his sister to continue studying. Lisbeth’s mother has a disease that prevents her from working, but they don\'t have the resources to seek medical care. Without a CoEd scholarship, the family cannot afford to keep Lisbeth in school. She will be forced to drop out and begin working in the fields with her father.','Lisbeth wants to be a bilingual secretary and work in an office or a bank. She is determined to continue studying, because her dream is to break the cycle of poverty for her family.',NULL,'n','Math',1,11,9146,2014,'2013-05-21 02:53:24'),(681,'Catarina Evelí','De la cruz Sactic','Catarina','f','2000-01-01 00:01:00','https://cooperativeforeducation.box.com/shared/static/sxxfcsjom2unrnqdxgmh.jpg',7,'Catarina\'s family owned a very old house, which was destroyed by tropical storms. Now, the family rents another little house to live in, because they do not have enough money to rebuild their own home. Without a CoEd scholarship, Catarina will be forced to drop out of school and begin working, saving her money to hopefully return to her studies one day.','Catarina’s dream is to become a teacher and educate the children in her community.',NULL,'n','Math',1,11,9147,2014,'2013-05-21 02:53:25');
/*!40000 ALTER TABLE `scholarship_kids` ENABLE KEYS */;
UNLOCK TABLES;

--
-- Table structure for table `scholarship_types`
--

DROP TABLE IF EXISTS `scholarship_types`;
/*!40101 SET @saved_cs_client     = @@character_set_client */;
/*!40101 SET character_set_client = utf8 */;
CREATE TABLE `scholarship_types` (
  `id` int(11) NOT NULL AUTO_INCREMENT,
  `amount` int(11) DEFAULT NULL,
  `type_name` varchar(200) DEFAULT NULL,
  `description` text,
  `etapestry_value` varchar(200) NOT NULL,
  PRIMARY KEY (`id`)
) ENGINE=InnoDB AUTO_INCREMENT=21 DEFAULT CHARSET=utf8;
/*!40101 SET character_set_client = @saved_cs_client */;

--
-- Dumping data for table `scholarship_types`
--

LOCK TABLES `scholarship_types` WRITE;
/*!40000 ALTER TABLE `scholarship_types` DISABLE KEYS */;
INSERT INTO `scholarship_types` VALUES (1,420,'Honor Roll Scholarship','Sponsor half of the student’s cost.','Honor Roll Scholarship'),(11,840,'Diploma Scholarship','Completely sponsor all of the student\'s cost.','Diploma Scholarship');
/*!40000 ALTER TABLE `scholarship_types` ENABLE KEYS */;
UNLOCK TABLES;

--
-- Table structure for table `school_levels`
--

DROP TABLE IF EXISTS `school_levels`;
/*!40101 SET @saved_cs_client     = @@character_set_client */;
/*!40101 SET character_set_client = utf8 */;
CREATE TABLE `school_levels` (
  `id` int(11) NOT NULL AUTO_INCREMENT,
  `level_name` varchar(200) DEFAULT NULL,
  PRIMARY KEY (`id`)
) ENGINE=InnoDB AUTO_INCREMENT=21 DEFAULT CHARSET=utf8;
/*!40101 SET character_set_client = @saved_cs_client */;

--
-- Dumping data for table `school_levels`
--

LOCK TABLES `school_levels` WRITE;
/*!40000 ALTER TABLE `school_levels` DISABLE KEYS */;
INSERT INTO `school_levels` VALUES (1,'High School'),(11,'Middle School');
/*!40000 ALTER TABLE `school_levels` ENABLE KEYS */;
UNLOCK TABLES;
/*!40103 SET TIME_ZONE=@OLD_TIME_ZONE */;

/*!40101 SET SQL_MODE=@OLD_SQL_MODE */;
/*!40014 SET FOREIGN_KEY_CHECKS=@OLD_FOREIGN_KEY_CHECKS */;
/*!40014 SET UNIQUE_CHECKS=@OLD_UNIQUE_CHECKS */;
/*!40101 SET CHARACTER_SET_CLIENT=@OLD_CHARACTER_SET_CLIENT */;
/*!40101 SET CHARACTER_SET_RESULTS=@OLD_CHARACTER_SET_RESULTS */;
/*!40101 SET COLLATION_CONNECTION=@OLD_COLLATION_CONNECTION */;
/*!40111 SET SQL_NOTES=@OLD_SQL_NOTES */;

-- Dump completed on 2013-07-03 17:53:27
